date,view
2022-06-22,141
2022-06-23,185
2022-06-24,187
2022-06-25,202
2022-06-26,150
2022-06-27,120
2022-06-28,133
2022-06-29,140
2022-06-30,107
2022-07-01,107
2022-07-02,122
2022-07-03,135
2022-07-04,79
2022-07-05,146
2022-07-06,106
2022-07-07,131
2022-07-08,119
2022-07-09,145
2022-07-10,127
2022-07-11,109
2022-07-12,103
2022-07-13,98
2022-07-14,104
2022-07-15,142
2022-07-16,176
2022-07-17,120
2022-07-18,110
2022-07-19,91
2022-07-20,135
2022-07-21,106
2022-07-22,168
2022-07-23,127
2022-07-24,89
2022-07-25,96
2022-07-26,130
2022-07-27,115
2022-07-28,117
2022-07-29,170
2022-07-30,170
2022-07-31,92
2022-08-01,114
2022-08-02,131
2022-08-03,131
2022-08-04,130
2022-08-05,113
2022-08-06,169
2022-08-07,129
2022-08-08,106
2022-08-09,79
2022-08-10,77
2022-08-11,109
2022-08-12,157
2022-08-13,200
2022-08-14,131
2022-08-15,117
2022-08-16,130
2022-08-17,154
2022-08-18,133
2022-08-19,131
2022-08-20,132
2022-08-21,116
2022-08-22,127
2022-08-23,140
2022-08-24,99
2022-08-25,179
2022-08-26,185
2022-08-27,159
2022-08-28,113
2022-08-29,116
2022-08-30,159
2022-08-31,103
2022-09-01,123
2022-09-02,141
2022-09-03,139
2022-09-04,122
2022-09-05,150
2022-09-06,118
2022-09-07,85
2022-09-08,183
2022-09-09,203
2022-09-10,176
2022-09-11,129
2022-09-12,138
2022-09-13,164
2022-09-14,159
2022-09-15,147
2022-09-16,228
2022-09-17,155
2022-09-18,106
2022-09-19,121
2022-09-20,126
2022-09-21,132
2022-09-22,124
2022-09-23,168
2022-09-24,179
2022-09-25,103
2022-09-26,103
2022-09-27,178
2022-09-28,99
2022-09-29,150
2022-09-30,141
2022-10-01,133
2022-10-02,101
2022-10-03,133
2022-10-04,131
2022-10-05,111
2022-10-06,112
2022-10-07,122
2022-10-08,133
2022-10-09,96
2022-10-10,94
2022-10-11,99
2022-10-12,109
2022-10-13,142
2022-10-14,206
2022-10-15,145
2022-10-16,93
2022-10-17,103
2022-10-18,108
2022-10-19,113
2022-10-20,98
2022-10-21,127
2022-10-22,152
2022-10-23,104
2022-10-24,89
2022-10-25,84
2022-10-26,91
2022-10-27,101
2022-10-28,133
2022-10-29,146
2022-10-30,105
2022-10-31,97
2022-11-01,88
2022-11-02,96
2022-11-03,140
2022-11-04,125
2022-11-05,138
2022-11-06,110
2022-11-07,123
2022-11-08,153
2022-11-09,143
2022-11-10,92
2022-11-11,152
2022-11-12,150
2022-11-13,99
2022-11-14,105
2022-11-15,119
2022-11-16,124
2022-11-17,169
2022-11-18,183
2022-11-19,175
2022-11-20,104
2022-11-21,154
2022-11-22,117
2022-11-23,149
2022-11-24,123
2022-11-25,181
2022-11-26,175
2022-11-27,129
2022-11-28,109
2022-11-29,135
2022-11-30,100
2022-12-01,113
2022-12-02,137
2022-12-03,145
2022-12-04,79
2022-12-05,140
2022-12-06,131
2022-12-07,94
2022-12-08,134
2022-12-09,132
2022-12-10,130
2022-12-11,128
2022-12-12,149
2022-12-13,163
2022-12-14,122
2022-12-15,130
2022-12-16,161
2022-12-17,150
2022-12-18,92
2022-12-19,125
2022-12-20,116
2022-12-21,119
2022-12-22,102
2022-12-23,130
2022-12-24,123
2022-12-25,105
2022-12-26,131
2022-12-27,55
2022-12-28,113
2022-12-29,154
2022-12-30,129
2022-12-31,113
2023-01-01,108
2023-01-02,86
2023-01-03,112
2023-01-04,101
2023-01-05,123
2023-01-06,110
2023-01-07,117
2023-01-08,130
2023-01-09,89
2023-01-10,103
2023-01-11,141
2023-01-12,117
2023-01-13,106
2023-01-14,129
2023-01-15,64
2023-01-16,78
2023-01-17,96
2023-01-18,84
2023-01-19,91
2023-01-20,96
2023-01-21,102
2023-01-22,126
2023-01-23,139
2023-01-24,109
2023-01-25,158
2023-01-26,101
2023-01-27,133
2023-01-28,132
2023-01-29,110
2023-01-30,97
2023-01-31,92
2023-02-01,123
2023-02-02,110
2023-02-03,167
2023-02-04,126
2023-02-05,97
2023-02-06,98
2023-02-07,91
2023-02-08,121
2023-02-09,128
2023-02-10,158
2023-02-11,181
2023-02-12,152
2023-02-13,138
2023-02-14,112
2023-02-15,98
2023-02-16,116
2023-02-17,148
2023-02-18,151
2023-02-19,111
2023-02-20,131
2023-02-21,87
2023-02-22,112
2023-02-23,156
2023-02-24,286
2023-02-25,178
2023-02-26,145
2023-02-27,134
2023-02-28,200
2023-03-01,132
2023-03-02,109
2023-03-03,159
2023-03-04,152
2023-03-05,134
2023-03-06,157
2023-03-07,157
2023-03-08,135
2023-03-09,146
2023-03-10,118
2023-03-11,183
2023-03-12,131
2023-03-13,183
2023-03-14,107
2023-03-15,160
2023-03-16,90
2023-03-17,151
2023-03-18,172
2023-03-19,130
2023-03-20,129
2023-03-21,126
2023-03-22,135
2023-03-23,134
2023-03-24,160
2023-03-25,190
2023-03-26,119
2023-03-27,137
2023-03-28,118
2023-03-29,155
2023-03-30,155
2023-03-31,101
2023-04-01,139
2023-04-02,102
2023-04-03,120
2023-04-04,103
2023-04-05,119
2023-04-06,107
2023-04-07,149
2023-04-08,129
2023-04-09,85
2023-04-10,104
2023-04-11,105
2023-04-12,96
2023-04-13,117
2023-04-14,141
2023-04-15,155
2023-04-16,104
2023-04-17,161
2023-04-18,134
2023-04-19,119
2023-04-20,114
2023-04-21,169
2023-04-22,135
2023-04-23,108
2023-04-24,92
2023-04-25,122
2023-04-26,125
2023-04-27,116
2023-04-28,79
2023-04-29,85
2023-04-30,89
2023-05-01,96
2023-05-02,85
2023-05-03,106
2023-05-04,110
2023-05-05,141
2023-05-06,129
2023-05-07,108
2023-05-08,126
2023-05-09,129
2023-05-10,100
2023-05-11,89
2023-05-12,173
2023-05-13,129
2023-05-14,132
2023-05-15,135
2023-05-16,126
2023-05-17,164
2023-05-18,129
2023-05-19,162
2023-05-20,175
2023-05-21,173
2023-05-22,116
2023-05-23,110
2023-05-24,86
2023-05-25,111
2023-05-26,148
2023-05-27,145
2023-05-28,120
2023-05-29,120
2023-05-30,131
2023-05-31,138
2023-06-01,163
2023-06-02,165
2023-06-03,173
2023-06-04,182
2023-06-05,194
2023-06-06,87
2023-06-07,181
2023-06-08,126
2023-06-09,152
2023-06-10,178
2023-06-11,181
2023-06-12,114
2023-06-13,131
2023-06-14,125
2023-06-15,160
2023-06-16,121
2023-06-17,144
2023-06-18,114
2023-06-19,119
2023-06-20,103
2023-06-21,153
2023-06-22,117
2023-06-23,123
2023-06-24,161
2023-06-25,162
2023-06-26,147
2023-06-27,163
2023-06-28,150
2023-06-29,142
2023-06-30,168
2023-07-01,135
2023-07-02,146
2023-07-03,127
2023-07-04,141
2023-07-05,126
2023-07-06,172
2023-07-07,134
2023-07-08,169
2023-07-09,156
2023-07-10,152
2023-07-11,136
2023-07-12,125
2023-07-13,146
2023-07-14,146
2023-07-15,178
2023-07-16,160
2023-07-17,103
2023-07-18,118
2023-07-19,117
2023-07-20,134
2023-07-21,152
2023-07-22,137
2023-07-23,164
2023-07-24,161
2023-07-25,108
2023-07-26,132
2023-07-27,106
2023-07-28,152
2023-07-29,160
2023-07-30,128
2023-07-31,111
2023-08-01,131
2023-08-02,119
2023-08-03,120
2023-08-04,137
2023-08-05,147
2023-08-06,144
2023-08-07,133
2023-08-08,133
2023-08-09,121
2023-08-10,105
2023-08-11,145
2023-08-12,162
2023-08-13,100
2023-08-14,138
2023-08-15,120
2023-08-16,111
2023-08-17,141
2023-08-18,145
2023-08-19,119
2023-08-20,118
2023-08-21,131
2023-08-22,129
2023-08-23,139
2023-08-24,150
2023-08-25,110
2023-08-26,138
2023-08-27,105
2023-08-28,152
2023-08-29,125
2023-08-30,126
2023-08-31,105
2023-09-01,128
2023-09-02,128
2023-09-03,119
2023-09-04,187
2023-09-05,170
2023-09-06,132
2023-09-07,134
2023-09-08,169
2023-09-09,140
2023-09-10,125
2023-09-11,125
2023-09-12,122
2023-09-13,75
2023-09-14,135
2023-09-15,123
2023-09-16,133
2023-09-17,117
2023-09-18,163
2023-09-19,105
2023-09-20,136
2023-09-21,112
2023-09-22,143
2023-09-23,155
2023-09-24,168
2023-09-25,126
2023-09-26,123
2023-09-27,106
2023-09-28,173
2023-09-29,136
2023-09-30,144
2023-10-01,141
2023-10-02,199
2023-10-03,156
2023-10-04,149
2023-10-05,111
2023-10-06,139
